title,total_time,prep_time,cook_time,difficulty,comments,rating,category,yield,link,image
"Baguette aux champignons, épinards et Boursin® Échalote & Ciboulette",30,15,15,easy,0,5.0,aperitif,4 Pers.,https://www.cuisineaz.com/recettes/baguette-aux-champignons-epinards-et-boursin-echalote-ciboulette-110691.aspx,https://img.cuisineaz.com/660x660/2020-07-16/i154575-baguette-epinard-boursin-7176-valide.jpeg
Pull-apart bread aux courgettes et au Boursin® Onctueux Ail & Fines herbes,45,30,15,easy,0,5.0,aperitif,4 Pers.,https://www.cuisineaz.com/recettes/pull-apart-bread-aux-courgettes-et-au-boursin-onctueux-ail-fines-herbes-110685.aspx,https://img.cuisineaz.com/660x660/2020-08-04/i154762-pullapart-bread-boursin-ail.jpeg
Cônes feuilletés au jambon et Boursin® Échalote & Ciboulette,30,10,20,easy,0,5.0,aperitif,4 Pers.,https://www.cuisineaz.com/recettes/cones-feuilletes-au-jambon-et-boursin-echalote-ciboulette-110475.aspx,https://img.cuisineaz.com/660x660/2020-05-18/i154048-cones-feuilletes-jambon-boursin-5388.jpeg
Hérisson apéritif,30,30,0,easy,1,4.5,aperitif,10 Pers.,https://www.cuisineaz.com/recettes/herisson-aperitif-96981.aspx,https://img.cuisineaz.com/660x660/2017-04-05/i124752-.jpeg
Mousse d'avocats aux crevettes,15,15,0,easy,6,4.5,aperitif,4 Pers.,https://www.cuisineaz.com/recettes/mousse-d-avocats-aux-crevettes-14215.aspx,https://img.cuisineaz.com/660x660/2013-12-20/i18276-mousse-d-avocats-aux-crevettes.jpg
Mousse de thon légère,5,5,0,easy,0,4.5,aperitif,6 Pers.,https://www.cuisineaz.com/recettes/mousse-de-thon-legere-62561.aspx,https://img.cuisineaz.com/660x660/2013-12-20/i95716-recette-mousse-de-thon-legere.jpg
Feuilletés apéritifs au chorizo et au gruyère,20,10,10,easy,1,4.5,aperitif,6 Pers.,https://www.cuisineaz.com/recettes/feuilletes-aperitifs-au-chorizo-et-au-gruyere-56011.aspx,https://img.cuisineaz.com/660x660/2016-03-17/i97151-feuilletes-au-chorizo.jpg
Tortilla Espagnole simplissime,55,30,25,easy,6,4.5,aperitif,2 Pers.,https://www.cuisineaz.com/recettes/tortilla-espagnole-simplissime-59771.aspx,https://img.cuisineaz.com/660x660/2013-12-20/i99265-tortilla-espagole.jpg
Gougères au Thermomix,30,5,25,easy,0,5.0,aperitif,4 Pers.,https://www.cuisineaz.com/recettes/gougeres-au-thermomix-98531.aspx,https://img.cuisineaz.com/660x660/2017-08-07/i131365-gougeres-au-thermomix.jpeg
Mousse de pois chiches (hoummous),15,15,0,easy,15,4.5,aperitif,4 Pers.,https://www.cuisineaz.com/recettes/mousse-de-pois-chiches-hoummous-59042.aspx,https://img.cuisineaz.com/660x660/2013-12-20/i107840-mousse-de-pois-chiches-hoummous.jpg
Pop-corn au Thermomix,12,12,0,easy,0,5.0,aperitif,4 Pers.,https://www.cuisineaz.com/recettes/pop-corn-au-thermomix-106265.aspx,https://img.cuisineaz.com/660x660/2019-04-01/i146260-pop-corn-au-thermomix.jpeg
Feuilletés apéritifs au fromage,17,2,15,easy,0,5.0,aperitif,3 Pers.,https://www.cuisineaz.com/recettes/feuilletes-aperitifs-au-fromage-53806.aspx,https://img.cuisineaz.com/660x660/2016-03-17/i104256-feuilletes-fromage-pour-l-apero.jpg
Mousse de concombre,10,10,0,easy,0,4.0,aperitif,4 Pers.,https://www.cuisineaz.com/recettes/mousse-de-concombre-88083.aspx,https://img.cuisineaz.com/660x660/2016-06-30/i23769-mousse-de-concombre.png
Mousse d'avocats,15,15,0,easy,19,4.5,aperitif,5 Pers.,https://www.cuisineaz.com/recettes/mousse-d-avocats-11897.aspx,https://img.cuisineaz.com/660x660/2013-12-20/i20770-mousse-d-avocats.jpg
Mousse de carottes épicée,30,10,20,easy,1,4.5,aperitif,4 Pers.,https://www.cuisineaz.com/recettes/mousse-de-carottes-epicee-67097.aspx,https://img.cuisineaz.com/660x660/2014-02-11/i75098-mousse-de-carottes-aux-epices.jpg
Salsa mexicaine,55,15,40,easy,0,5.0,aperitif,8 Pers.,https://www.cuisineaz.com/recettes/salsa-mexicaine-59870.aspx,https://img.cuisineaz.com/660x660/2016-04-28/i86083-sauce-creole.jpg
Mousse d’asperge aux crevettes en verrine,25,5,20,easy,1,4.5,aperitif,8 Pers.,https://www.cuisineaz.com/recettes/mousse-d-asperge-aux-crevettes-en-verrine-66027.aspx,https://img.cuisineaz.com/660x660/2013-12-20/i28411-mousse-d-asperge-aux-crevettes-en-verrine.jpg
Hoops au chorizo et comté pour l'apéritif,40,10,30,easy,0,4.0,aperitif,6 Pers.,https://www.cuisineaz.com/recettes/hoops-au-chorizo-et-comte-pour-l-aperitif-98506.aspx,https://img.cuisineaz.com/660x660/2017-08-04/i131318-.jpeg
Mousse de saumon au siphon,5,5,0,easy,0,4.0,aperitif,8 Pers.,https://www.cuisineaz.com/recettes/mousse-de-saumon-au-siphon-81419.aspx,https://img.cuisineaz.com/660x660/2016-10-03/i78081-mousse-de-saumon-au-siphon.jpg
Petits roulés apéritifs à la saucisse,25,15,10,easy,4,5.0,aperitif,6 Pers.,https://www.cuisineaz.com/recettes/petits-roules-aperitifs-a-la-saucisse-50227.aspx,https://img.cuisineaz.com/660x660/2015-12-15/i90733-petits-roules-aperitifs-a-la-saucisse.jpg
Verrine aux asperges et St Môret,30,15,15,easy,0,5.0,aperitif,6 Pers.,https://www.cuisineaz.com/recettes/verrine-aux-asperges-et-st-moret-105055.aspx,https://img.cuisineaz.com/660x660/2018-12-11/i144989-verrine-asperge-st-moret.jpeg
Popcorn au caramel,20,10,10,easy,0,4.0,aperitif,8 Pers.,https://www.cuisineaz.com/recettes/popcorn-au-caramel-90697.aspx,https://img.cuisineaz.com/660x660/2016-10-31/i74457-popcorn-au-caramel.jpg
Hummus et pain pita maison,45,30,15,easy,2,3.5,aperitif,8 Pers.,https://www.cuisineaz.com/recettes/hummus-et-pain-pita-maison-60790.aspx,https://img.cuisineaz.com/660x660/2013-12-20/i76796-hummus-et-pain-pita-maison.jpg
Sauce apéritive au chèvre,10,10,0,easy,0,5.0,aperitif,8 Pers.,https://www.cuisineaz.com/recettes/sauce-aperitive-au-chevre-44431.aspx,https://img.cuisineaz.com/660x660/2016-04-28/i70667-sauce-pour-aperitif.jpg
Pâté en croûte alsacien,105,45,60,medium,0,5.0,aperitif,8 Pers.,https://www.cuisineaz.com/recettes/pate-en-croute-alsacien-103409.aspx,https://img.cuisineaz.com/660x660/2018-09-07/i142431-pate-en-croute-alsacien.jpeg
Gougères sans gluten,40,15,25,easy,0,5.0,aperitif,4 Pers.,https://www.cuisineaz.com/recettes/gougeres-sans-gluten-99520.aspx,https://img.cuisineaz.com/660x660/2017-10-29/i133633-gougeres-sans-gluten.jpeg
Mousse de foie de veau,30,25,5,easy,0,3.5,aperitif,4 Pers.,https://www.cuisineaz.com/recettes/mousse-de-foie-de-veau-84963.aspx,https://img.cuisineaz.com/660x660/2016-01-10/i113392-mousse-de-foie-de-veau.jpg
Mousse de mayonnaise à la ciboulette,15,15,0,missing,0,5.0,aperitif,-,https://www.cuisineaz.com/recettes/mousse-de-mayonnaise-a-la-ciboulette-73218.aspx,https://img.cuisineaz.com/660x660/2018-03-19/i137535-mousse-de-mayonnaise-a-la-ciboulette.jpeg
Espuma d’asperges vertes,25,15,10,easy,0,4.0,aperitif,6 Pers.,https://www.cuisineaz.com/recettes/espuma-d-asperges-vertes-65653.aspx,https://img.cuisineaz.com/660x660/2013-12-20/i8695-photo-de-espuma-d-asperges-vertes.jpg
Verrine d'asperges et jambon cru,45,30,15,easy,0,5.0,aperitif,6 Pers.,https://www.cuisineaz.com/recettes/verrine-d-asperges-et-jambon-cru-105027.aspx,https://img.cuisineaz.com/660x660/2018-12-11/i145007-verrine-asperge-jambon-cru.jpeg
Mousse de courgettes au pesto verrines salées,0,,0,easy,1,4.5,aperitif,2 Pers.,https://www.cuisineaz.com/recettes/mousse-de-courgettes-au-pesto-verrines-salees-81409.aspx,https://img.cuisineaz.com/660x660/2016-11-01/i96066-mousse-de-courgettes-au-pesto-verrines-salees.jpg
Mousse de foies de volaille,20,10,10,easy,5,5.0,aperitif,4 Pers.,https://www.cuisineaz.com/recettes/mousse-de-foies-de-volaille-10439.aspx,https://img.cuisineaz.com/660x660/2013-12-20/i90996-mousse-de-foies-de-volaille.jpg
Mousse de brocolis facile,55,15,40,easy,17,4.5,aperitif,4 Pers.,https://www.cuisineaz.com/recettes/mousse-de-brocolis-facile-4859.aspx,https://img.cuisineaz.com/660x660/2013-12-20/i106179-photo-de-mousse-de-brocolis.jpg
Rillettes de chorizo au Thermomix,10,10,0,easy,0,5.0,aperitif,4 Pers.,https://www.cuisineaz.com/recettes/rillettes-de-chorizo-au-thermomix-105479.aspx,https://img.cuisineaz.com/660x660/2018-12-11/i144981-rillettes-au-chorizo-thermomix.jpeg
Mousse de canard au Cognac,45,15,30,easy,4,5.0,aperitif,8 Pers.,https://www.cuisineaz.com/recettes/mousse-de-canard-au-cognac-65164.aspx,https://img.cuisineaz.com/660x660/2013-12-20/i77966-mousse-de-canard-au-cognac.jpg
Mousse de betterave rouge et radis rose,15,15,0,easy,0,4.0,aperitif,6 Pers.,https://www.cuisineaz.com/recettes/mousse-de-betterave-rouge-et-radis-rose-62323.aspx,https://img.cuisineaz.com/660x660/2013-12-20/i986-photo-de-mousse-de-betterave-rouge-radis-rose.jpg
Mousse de brochet,30,,30,easy,2,4.0,aperitif,6 Pers.,https://www.cuisineaz.com/recettes/mousse-de-brochet-3598.aspx,https://img.cuisineaz.com/660x660/2018-07-23/i141072-mousse-de-brochet.jpeg
Apéritif aux feuilles de noyer,0,0,0,missing,0,1.0,aperitif,Pers.,https://www.cuisineaz.com/recettes/aperitif-aux-feuilles-de-noyer-2520.aspx,https://img.cuisineaz.com/660x660/2017-02-02/i119465-aperitif-aux-feuilles-de-noyer.jpeg
Tapenade verte au Thermomix,5,5,0,easy,0,5.0,aperitif,8 Pers.,https://www.cuisineaz.com/recettes/tapenade-verte-au-thermomix-106125.aspx,https://img.cuisineaz.com/660x660/2019-03-21/i146138-tapenade-verte-au-thermomix.jpeg
Verrine avocat thon au Thermomix,15,15,0,easy,0,5.0,aperitif,4 Pers.,https://www.cuisineaz.com/recettes/verrine-avocat-thon-au-thermomix-105535.aspx,https://img.cuisineaz.com/660x660/2018-12-17/i145302-verrines-avocat-thon-thermomix.jpeg
Mousse de truite saumonée,40,20,20,easy,0,5.0,aperitif,4 Pers.,https://www.cuisineaz.com/recettes/mousse-de-truite-saumonee-104346.aspx,https://img.cuisineaz.com/660x660/2018-10-27/i143590-mousse-de-truite-saumonee.jpeg
Torsades apéritives au Roquefort Société et noix,30,20,10,easy,0,5.0,aperitif,5 Pers.,https://www.cuisineaz.com/recettes/torsades-aperitives-au-roquefort-societe-et-noix-98968.aspx,https://img.cuisineaz.com/660x660/2017-09-08/i132287-torsades-aperitive-roquefort-societe-et-noix.jpeg
Mon p'tit beurre de radis : pour des apéros qui changent !,10,10,0,easy,0,4.0,aperitif,6 Pers.,https://www.cuisineaz.com/recettes/mon-p-tit-beurre-de-radis-pour-des-aperos-qui-changent-97276.aspx,https://img.cuisineaz.com/660x660/2017-04-28/i125282-.jpeg
"Mousse de mozzarella, tartare de tomate, perles de basilic",45,45,0,medium,0,5.0,aperitif,8 Pers.,https://www.cuisineaz.com/recettes/mousse-de-mozzarella-tartare-de-tomate-perles-de-basilic-87921.aspx,https://img.cuisineaz.com/660x660/2016-06-27/i77989-mousse-mozzarella.jpg
Mousse de fromage frais aux herbes,15,15,0,easy,0,4.0,aperitif,4 Pers.,https://www.cuisineaz.com/recettes/mousse-de-fromage-frais-aux-herbes-87151.aspx,https://img.cuisineaz.com/660x660/2016-05-17/i94393-mousse-de-fromage-frais-aux-herbes.jpg
"Quiche roquette, chorizo, chèvre frais et tomates",45,10,35,easy,5,4.5,aperitif,6 Pers.,https://www.cuisineaz.com/recettes/quiche-roquette-chorizo-chevre-frais-et-tomates-56132.aspx,https://img.cuisineaz.com/660x660/2013-06-18/i19376-quiche-roquetten-chorizo-chevre-et-tomates.jpg
Mousse de saumon rose,40,30,10,medium,2,4.0,aperitif,10 Pers.,https://www.cuisineaz.com/recettes/mousse-de-saumon-rose-17327.aspx,https://img.cuisineaz.com/660x660/2013-12-20/i28668-mousse-de-saumon-rose.jpg
Poivronade au Thermomix,5,5,0,easy,0,5.0,aperitif,8 Pers.,https://www.cuisineaz.com/recettes/poivronade-au-thermomix-106262.aspx,https://img.cuisineaz.com/660x660/2019-04-01/i146257-poivronade-au-thermomix.jpeg
Trio de sauce apéro et ses chips,10,10,0,easy,0,4.0,aperitif,8 Pers.,https://www.cuisineaz.com/recettes/trio-de-sauce-apero-et-ses-chips-96636.aspx,https://img.cuisineaz.com/660x660/2017-03-22/i122229-.jpeg
Mousse de saumon au Thermomix©,10,10,0,easy,0,5.0,aperitif,4 Pers.,https://www.cuisineaz.com/recettes/mousse-de-saumon-au-thermomix-91892.aspx,https://img.cuisineaz.com/660x660/2016-12-30/i114959-mousse-de-saumon-au-thermomix.jpeg
Blinis de patate douce,20,15,5,easy,0,5.0,aperitif,8 Pers.,https://www.cuisineaz.com/recettes/blinis-de-patate-douce-84096.aspx,https://img.cuisineaz.com/660x660/2015-11-11/i84631-blinis-de-patate-douce.jpg
Blinis revisités au saumon fumé au sarrasin,25,15,10,easy,0,5.0,aperitif,4 Pers.,https://www.cuisineaz.com/recettes/blinis-revisites-au-saumon-fume-au-sarrasin-83104.aspx,https://img.cuisineaz.com/660x660/2015-07-15/i95164-blini-revisite-au-saumon-fume-au-sarrasin.jpg
Mousse aux champignons,35,25,10,easy,0,4.0,aperitif,4 Pers.,https://www.cuisineaz.com/recettes/mousse-aux-champignons-74927.aspx,https://img.cuisineaz.com/660x660/2014-11-12/i77399-mousse-aux-chmapignons.jpg
Espuma de chorizo sur crackers,20,10,10,easy,9,4.5,aperitif,4 Pers.,https://www.cuisineaz.com/recettes/espuma-de-chorizo-sur-crackers-61151.aspx,https://img.cuisineaz.com/660x660/2015-01-29/i87029-espuma-de-chorizo.jpg
"Mousse légère concombre, crevettes et coriandre",15,15,0,medium,12,3.0,aperitif,6 Pers.,https://www.cuisineaz.com/recettes/mousse-legere-concombre-crevettes-et-coriandre-52727.aspx,https://img.cuisineaz.com/660x660/2013-12-20/i32799-mousse-concombres-crevettes.jpg
Beignets au fenouil,75,15,60,easy,0,4.0,aperitif,4 Pers.,https://www.cuisineaz.com/recettes/beignets-au-fenouil-39991.aspx,https://img.cuisineaz.com/660x660/2017-02-02/i119565-beignets-au-fenouil.jpeg
Mousse de thon à la gelée madère,20,15,5,easy,2,4.0,aperitif,8 Pers.,https://www.cuisineaz.com/recettes/mousse-de-thon-a-la-gelee-madere-39507.aspx,https://img.cuisineaz.com/660x660/2015-10-08/i88218-mousse-de-thon-a-la-gelee-madere.jpg
Mousse de saumon frais à congeler,50,40,10,easy,0,5.0,aperitif,4 Pers.,https://www.cuisineaz.com/recettes/mousse-de-saumon-frais-a-congeler-35148.aspx,https://img.cuisineaz.com/660x660/default/default.jpg
Mousse de poulet,50,30,20,easy,1,3.5,aperitif,6 Pers.,https://www.cuisineaz.com/recettes/mousse-de-poulet-35145.aspx,https://img.cuisineaz.com/660x660/2014-11-14/i108351-mousse-de-poulet.jpg
Mousse d'avocat à la crème acidulée et au saumon fumé,25,25,0,easy,0,4.0,aperitif,4 Pers.,https://www.cuisineaz.com/recettes/mousse-d-avocat-a-la-creme-acidulee-et-au-saumon-fume-35125.aspx,https://img.cuisineaz.com/660x660/2016-01-25/i106488-mousse-avocat.jpg
Gougères apéritives au maroilles,35,15,20,easy,4,3.5,aperitif,4 Pers.,https://www.cuisineaz.com/recettes/gougeres-aperitives-au-maroilles-1937.aspx,https://img.cuisineaz.com/660x660/2015-10-27/i76688-gougeres-aperitives-au-maroilles.jpg
Tuiles au parmesan au Thermomix,15,5,10,easy,0,5.0,aperitif,4 Pers.,https://www.cuisineaz.com/recettes/tuiles-au-parmesan-au-thermomix-105532.aspx,https://img.cuisineaz.com/660x660/2018-12-16/i145299-tuiles-au-parmesan-au-thermomix.jpeg
Mini cakes au saumon et au Boursin,40,10,30,easy,1,5.0,aperitif,6 Pers.,https://www.cuisineaz.com/recettes/mini-cakes-au-saumon-et-au-boursin-104373.aspx,https://img.cuisineaz.com/660x660/2018-10-28/i143617-mini-cakes-au-saumon-et-au-boursin.jpeg
Panna cotta avocat saumon,0,,0,medium,0,5.0,aperitif,6 Pers.,https://www.cuisineaz.com/recettes/panna-cotta-avocat-saumon-104292.aspx,https://img.cuisineaz.com/660x660/2018-10-26/i143531-verrine-de-saumon-fume-avec-mousse-d-avocat.jpeg
Pingouins pour l'apéro,10,10,0,easy,0,5.0,aperitif,6 Pers.,https://www.cuisineaz.com/recettes/pingouins-pour-l-apero-102358.aspx,https://img.cuisineaz.com/660x660/2018-07-08/i140870-pingouins-pour-l-apero.jpeg
Gougères sans lactose,40,15,25,easy,0,5.0,aperitif,4 Pers.,https://www.cuisineaz.com/recettes/gougeres-sans-lactose-99548.aspx,https://img.cuisineaz.com/660x660/2017-11-01/i133699-gougeres-sans-lactose.jpeg
Mousse de betterave façon houmous au Thermomix©,15,15,0,easy,0,3.0,aperitif,8 Pers.,https://www.cuisineaz.com/recettes/mousse-de-betterave-facon-houmous-au-thermomix-91893.aspx,https://img.cuisineaz.com/660x660/2016-12-30/i114960-mousse-de-betterave-facon-houmous-au-thermomix.jpeg
Mousse de sardine au Carré Frais,15,15,0,easy,0,4.0,aperitif,4 Pers.,https://www.cuisineaz.com/recettes/mousse-de-sardine-au-carre-frais-85585.aspx,https://img.cuisineaz.com/660x660/2016-02-19/i29880-mousse-de-sardine-au-carre-frais.png
Fingers apéritifs au comté,22,10,12,easy,3,4.0,aperitif,4 Pers.,https://www.cuisineaz.com/recettes/fingers-aperitifs-au-comte-83662.aspx,https://img.cuisineaz.com/660x660/2015-09-28/i93899-fingers-aperitifs-au-comte.jpg
Mousse de jambon au porto,14,10,4,easy,0,5.0,aperitif,4 Pers.,https://www.cuisineaz.com/recettes/mousse-de-jambon-au-porto-68250.aspx,https://img.cuisineaz.com/660x660/2014-06-18/i22847-mousse-de-jambon-au-porto.jpg
Mousse d'avocat au thon,20,20,0,easy,0,4.0,aperitif,4 Pers.,https://www.cuisineaz.com/recettes/mousse-d-avocat-au-thon-61565.aspx,https://img.cuisineaz.com/660x660/2015-04-07/i90787-mousse-d-avocat-au-thon.jpg
Mousse d’avocat et saumon fumé,28,25,3,medium,0,4.0,aperitif,4 Pers.,https://www.cuisineaz.com/recettes/mousse-d-avocat-et-saumon-fume-59617.aspx,https://img.cuisineaz.com/660x660/2013-12-20/i43506-mousse-d-avocat-et-saumon-fume.jpg
Mini feuilletés apéritif à la cancoillotte,30,15,15,easy,0,4.0,aperitif,6 Pers.,https://www.cuisineaz.com/recettes/mini-feuilletes-aperitif-a-la-cancoillotte-56339.aspx,https://img.cuisineaz.com/660x660/2015-10-10/i107924-mini-feuilletes-aperitif-a-la-cancoillotte.jpg
Espumas de myrtilles,25,20,5,medium,3,3.5,aperitif,6 Pers.,https://www.cuisineaz.com/recettes/espumas-de-myrtilles-52470.aspx,https://img.cuisineaz.com/660x660/2013-12-20/i22447-recete-d-espumas-de-myrtille.jpg
Mousse de crabe,25,25,0,easy,0,4.0,aperitif,6 Pers.,https://www.cuisineaz.com/recettes/mousse-de-crabe-35131.aspx,https://img.cuisineaz.com/660x660/2015-10-08/i88208-mousse-de-crabe.jpg
Mousse d'aubergine légère,45,30,15,easy,1,5.0,aperitif,6 Pers.,https://www.cuisineaz.com/recettes/mousse-d-aubergine-legere-23438.aspx,https://img.cuisineaz.com/660x660/2018-03-19/i137127-mousse-d-aubergine-legere.jpeg
Mousse d'aubergines,55,20,35,easy,1,3.5,aperitif,4 Pers.,https://www.cuisineaz.com/recettes/mousse-d-aubergines-4538.aspx,https://img.cuisineaz.com/660x660/2013-12-20/i75377-photo-de-mousse-d-aubergines.jpg
Mini burgers au Thermomix,50,30,20,easy,0,5.0,aperitif,6 Pers.,https://www.cuisineaz.com/recettes/mini-burgers-au-thermomix-106137.aspx,https://img.cuisineaz.com/660x660/2019-03-22/i146146-mini-burgers-au-thermomix.jpeg
Cookies au chorizo au Thermomix,25,10,15,easy,0,5.0,aperitif,8 Pers.,https://www.cuisineaz.com/recettes/cookies-au-chorizo-au-thermomix-105408.aspx,https://img.cuisineaz.com/660x660/2018-12-10/i144891-cookies-au-chorizo.jpeg
Brochette de tomate cerise et jambon cru,5,5,0,easy,0,5.0,aperitif,6 Pers.,https://www.cuisineaz.com/recettes/brochette-de-tomate-cerise-et-jambon-cru-105262.aspx,https://img.cuisineaz.com/660x660/2018-12-12/i145066-brochette-tomate-cerise-jambon-cru.jpeg
Tapenade d'asperges vertes,30,10,20,easy,0,5.0,aperitif,6 Pers.,https://www.cuisineaz.com/recettes/tapenade-d-asperges-vertes-105125.aspx,https://img.cuisineaz.com/660x660/2018-12-11/i145020-tapenade-asperges-vertes.jpeg
Verrine asperges et surimi,10,10,0,easy,0,5.0,aperitif,6 Pers.,https://www.cuisineaz.com/recettes/verrine-asperges-et-surimi-105059.aspx,https://img.cuisineaz.com/660x660/2018-12-11/i145014-verrine-asperge-surimi.jpeg
Gougères au Companion,40,15,25,easy,0,5.0,aperitif,4 Pers.,https://www.cuisineaz.com/recettes/gougeres-au-companion-101779.aspx,https://img.cuisineaz.com/660x660/2018-04-25/i139793-.jpeg
Légumes apéritif et duo de tartinade,20,20,0,easy,0,5.0,aperitif,4 Pers.,https://www.cuisineaz.com/recettes/legumes-aperitif-et-duo-de-tartinade-101074.aspx,https://img.cuisineaz.com/660x660/2018-02-21/i135893-legumes-aperitif-et-duo-de-tartinade.jpeg
L'apéro improvisé de Nathalie Nguyen,30,20,10,medium,2,4.5,aperitif,4 Pers.,https://www.cuisineaz.com/recettes/l-apero-improvise-de-nathalie-nguyen-96837.aspx,https://img.cuisineaz.com/660x660/2017-04-04/i124639-l-apero-improvise-de-nathalie-nguyen.jpeg
Mini quiches apéritives sans pâte aux épinards,75,20,55,easy,0,4.5,aperitif,10 Pers.,https://www.cuisineaz.com/recettes/mini-quiches-aperitives-sans-pate-aux-epinards-96243.aspx,https://img.cuisineaz.com/660x660/2017-02-28/i121510-mini-quiches-aperitives-sans-pate-aux-epinards.jpeg
Mousse d'avocat aux crevettes et aux oeufs,25,15,10,easy,0,4.5,aperitif,4 Pers.,https://www.cuisineaz.com/recettes/mousse-d-avocat-aux-crevettes-et-aux-oeufs-86108.aspx,https://img.cuisineaz.com/660x660/2016-03-23/i4932-mousse-d-avocat-aux-crevettes-et-aux-oeufs.png
Beignets de morue portugais,0,0,0,medium,0,4.0,aperitif,6 Pers.,https://www.cuisineaz.com/recettes/beignets-de-morue-portugais-82729.aspx,https://img.cuisineaz.com/660x660/default/default.jpg
Blinis de carottes au cumin,65,45,20,medium,1,3.0,aperitif,4 Pers.,https://www.cuisineaz.com/recettes/blinis-de-carottes-au-cumin-78716.aspx,https://img.cuisineaz.com/660x660/2015-03-24/i23541-blinis-de-carottes-au-cumin.jpg
Gougères faciles,45,20,25,easy,0,5.0,aperitif,6 Pers.,https://www.cuisineaz.com/recettes/gougeres-faciles-67602.aspx,https://img.cuisineaz.com/660x660/2014-05-15/i24932-photo-de-gougeres.jpg
Espumas à la vanille,15,10,5,easy,0,5.0,aperitif,6 Pers.,https://www.cuisineaz.com/recettes/espumas-a-la-vanille-59702.aspx,https://img.cuisineaz.com/660x660/2016-04-28/i9014-espumas-a-la-vanille.jpg
Mousse de poivrons,15,10,5,easy,2,4.5,aperitif,4 Pers.,https://www.cuisineaz.com/recettes/mousse-de-poivrons-59034.aspx,https://img.cuisineaz.com/660x660/2013-12-20/i10300-mousse-de-poivrons.jpg
Espuma de chou fleur et crumble de parmesan,70,35,35,easy,2,5.0,aperitif,6 Pers.,https://www.cuisineaz.com/recettes/espuma-de-chou-fleur-et-crumble-de-parmesan-58332.aspx,https://img.cuisineaz.com/660x660/2013-12-20/i20162-espuma-chou-fleur.jpg
banane aperitif,910,900,10,easy,0,4.0,aperitif,4 Pers.,https://www.cuisineaz.com/recettes/banane-aperitif-56315.aspx,https://img.cuisineaz.com/660x660/default/default.jpg
Mousse de betteraves au fromage de chèvre,20,20,0,easy,2,5.0,aperitif,6 Pers.,https://www.cuisineaz.com/recettes/mousse-de-betteraves-au-fromage-de-chevre-46778.aspx,https://img.cuisineaz.com/660x660/2014-11-14/i91317-mousse-de-betteraves-au-fromage-de-chevre.jpg
Baguette surprise au St-Môret®,45,20,25,easy,4,4.5,aperitif,6 Pers.,https://www.cuisineaz.com/recettes/baguette-surprise-au-st-moret-29844.aspx,https://img.cuisineaz.com/660x660/2016-03-17/i98163-baguette-surprise.jpg
Beignets de morue,105,60,45,medium,1,4.5,aperitif,4 Pers.,https://www.cuisineaz.com/recettes/beignets-de-morue-7593.aspx,https://img.cuisineaz.com/660x660/2013-12-20/i15123-beignets-de-morue.jpg
Mousse de légumes printaniers,50,30,20,medium,3,4.5,aperitif,6 Pers.,https://www.cuisineaz.com/recettes/mousse-de-legumes-printaniers-6508.aspx,https://img.cuisineaz.com/660x660/2013-12-20/i72381-photo-de-mousse-de-legumes-printaniers.jpg
Mousse de surimi,30,30,0,missing,4,3.5,aperitif,6 Pers.,https://www.cuisineaz.com/recettes/mousse-de-surimi-4705.aspx,https://img.cuisineaz.com/660x660/2013-12-20/i69233-photo-de-mousse-de-surimi.jpg
Mousse aux deux saumons en gelée,25,20,5,missing,3,5.0,aperitif,4 Pers.,https://www.cuisineaz.com/recettes/mousse-aux-deux-saumons-en-gelee-3242.aspx,https://img.cuisineaz.com/660x660/2013-12-20/i39062-mousse-2-saumons.jpg
Blinis au caviar,5,5,0,easy,0,4.5,aperitif,4 Pers.,https://www.cuisineaz.com/recettes/blinis-au-caviar-870.aspx,https://img.cuisineaz.com/660x660/2013-12-20/i110466-blinis-au-caviar.jpg
Mousse de thon assaisonnée,30,30,0,easy,0,5.0,aperitif,6 Pers.,https://www.cuisineaz.com/recettes/mousse-de-thon-assaisonnee-790.aspx,https://img.cuisineaz.com/660x660/default/default.jpg
Sardinade,5,5,0,easy,0,5.0,aperitif,4 Pers.,https://www.cuisineaz.com/recettes/sardinade-105877.aspx,https://img.cuisineaz.com/660x660/2019-01-21/i145784-sardinade.jpeg
Muffin aux courgettes au Thermomix,30,10,20,easy,1,4.0,aperitif,8 Pers.,https://www.cuisineaz.com/recettes/muffin-aux-courgettes-au-thermomix-105418.aspx,https://img.cuisineaz.com/660x660/2018-12-09/i144877-muffin-aux-courgettes-au-thermomix.jpeg
Rillettes de poulet au Thermomix,3,3,0,easy,3,3.5,aperitif,6 Pers.,https://www.cuisineaz.com/recettes/rillettes-de-poulet-au-thermomix-105380.aspx,https://img.cuisineaz.com/660x660/2018-12-08/i144841-rillettes-de-poulet-au-thermomix.jpeg
Verrines de pamplemousse au thon,20,20,0,easy,0,5.0,aperitif,4 Pers.,https://www.cuisineaz.com/recettes/verrines-de-pamplemousse-au-thon-105325.aspx,https://img.cuisineaz.com/660x660/2018-12-12/i145115-verrine-pamplemousse-thon.jpeg
Houmous aux pois chiches à l'extracteur de jus,15,15,0,easy,0,5.0,aperitif,4 Pers.,https://www.cuisineaz.com/recettes/houmous-aux-pois-chiches-a-l-extracteur-de-jus-105023.aspx,https://img.cuisineaz.com/660x660/2018-11-22/i144397-houmous.jpeg
Mousse de potimarron au siphon,40,20,20,easy,0,5.0,aperitif,6 Pers.,https://www.cuisineaz.com/recettes/mousse-de-potimarron-au-siphon-104194.aspx,https://img.cuisineaz.com/660x660/2018-10-17/i143412-mousse-de-potimarron-au-siphon.jpeg
Graines de potimarron grillées,30,10,20,easy,0,5.0,aperitif,6 Pers.,https://www.cuisineaz.com/recettes/graines-de-potimarron-grillees-104144.aspx,https://img.cuisineaz.com/660x660/2018-10-16/i143361-graines-de-potimarron-grillees.jpeg
Rillettes de canard au Thermomix,10,10,0,easy,0,5.0,aperitif,4 Pers.,https://www.cuisineaz.com/recettes/rillettes-de-canard-au-thermomix-104107.aspx,https://img.cuisineaz.com/660x660/2018-10-14/i143317-rillettes-de-canard-au-thermomix.jpeg
Olives marinées faciles,25,5,20,easy,0,5.0,aperitif,8 Pers.,https://www.cuisineaz.com/recettes/olives-marinees-faciles-98380.aspx,https://img.cuisineaz.com/660x660/2017-07-28/i131133-.jpeg
Mini tartelette Apéro,30,15,15,easy,0,4.0,aperitif,15 Pers.,https://www.cuisineaz.com/recettes/mini-tartelette-apero-97556.aspx,https://img.cuisineaz.com/660x660/2017-05-21/i127762-.jpeg
Un tapas cabillaud aïoli pour l'apéro,40,15,25,easy,0,5.0,aperitif,6 Pers.,https://www.cuisineaz.com/recettes/un-tapas-cabillaud-aioli-pour-l-apero-97188.aspx,https://img.cuisineaz.com/660x660/2017-04-20/i125110-.jpeg
"Blini au sarrasin et faux oeufs de poisson (vegan, sans gluten)",25,5,20,easy,0,5.0,aperitif,3 Pers.,https://www.cuisineaz.com/recettes/blini-au-sarrasin-et-faux-oeufs-de-poisson-vegan-sans-gluten-91601.aspx,https://img.cuisineaz.com/660x660/2016-12-14/i114540-blini-au-sarrasin-et-faux-oeufs-de-poisson-vegan-sans-gluten.jpeg
"Blini farine de châtaigne, beurre de champignons et airelles (vegan, sans gluten)",45,15,30,easy,0,5.0,aperitif,3 Pers.,https://www.cuisineaz.com/recettes/blini-farine-de-chataigne-beurre-de-champignons-et-airelles-vegan-sans-gluten-91042.aspx,https://img.cuisineaz.com/660x660/2016-11-13/i94725-blini-farine-de-chataigne-beurre-de-champignons-et-airelles-vegan-sans-gluten.png
Blinis de courgette,40,20,20,easy,2,4.5,aperitif,4 Pers.,https://www.cuisineaz.com/recettes/blinis-de-courgette-90304.aspx,https://img.cuisineaz.com/660x660/2016-10-18/i19206-blinis-de-courgette.jpg
Mélange de noix pour l’apéro,19,5,14,easy,0,5.0,aperitif,8 Pers.,https://www.cuisineaz.com/recettes/melange-de-noix-pour-l-apero-89233.aspx,https://img.cuisineaz.com/660x660/2016-09-08/i90675-melange-de-noix-pour-l-apero.jpg
Blini aux épinards & coulis tomate et poivron rouge (sans lactose),55,10,45,easy,2,5.0,aperitif,3 Pers.,https://www.cuisineaz.com/recettes/blini-aux-epinards-coulis-tomate-et-poivron-rouge-sans-lactose-89036.aspx,https://img.cuisineaz.com/660x660/2016-08-22/i40593-blini-aux-epinards.png
Mousse de poivrons à la ricotta,70,40,30,easy,0,4.0,aperitif,4 Pers.,https://www.cuisineaz.com/recettes/mousse-de-poivrons-a-la-ricotta-87153.aspx,https://img.cuisineaz.com/660x660/2016-05-17/i76186-mousse-de-poivrons-a-la-ricotta.jpg
Blinis au crabe,10,10,0,easy,0,4.0,aperitif,8 Pers.,https://www.cuisineaz.com/recettes/blinis-au-crabe-84093.aspx,https://img.cuisineaz.com/660x660/2015-11-11/i100840-blinis-au-crabe.jpg
Toast de foie gras au pain d'épices,15,15,0,easy,0,4.5,aperitif,4 Pers.,https://www.cuisineaz.com/recettes/toast-de-foie-gras-au-pain-d-epices-81205.aspx,https://img.cuisineaz.com/660x660/2016-10-20/i89932-toast-de-foie-gras-au-pain-d-epices.jpg
Blinis de lentilles et crème aux deux saumons,35,15,20,medium,0,5.0,aperitif,4 Pers.,https://www.cuisineaz.com/recettes/blinis-de-lentilles-et-creme-aux-deux-saumons-79878.aspx,https://img.cuisineaz.com/660x660/2015-05-19/i79729-blinis-de-lentilles-et-creme-aux-deux-saumons.jpg
mousse de foie de volaille au cognac,120,60,60,easy,0,4.0,aperitif,6 Pers.,https://www.cuisineaz.com/recettes/mousse-de-foie-de-volaille-au-cognac-77273.aspx,https://img.cuisineaz.com/660x660/default/default.jpg
Beignets de courgettes de ma grand-mère,25,25,0,easy,0,5.0,aperitif,Pers.,https://www.cuisineaz.com/recettes/beignets-de-courgettes-de-ma-grand-mere-71216.aspx,https://img.cuisineaz.com/660x660/default/default.jpg
Mousse de concombre aux crevettes,17,15,2,easy,0,3.5,aperitif,2 Pers.,https://www.cuisineaz.com/recettes/mousse-de-concombre-aux-crevettes-71092.aspx,https://img.cuisineaz.com/660x660/2014-08-29/i106847-mousse-de-concombre-aux-crevettes.jpg
Beignets de morue maison,15,15,0,easy,0,4.0,aperitif,Pers.,https://www.cuisineaz.com/recettes/beignets-de-morue-maison-71053.aspx,https://img.cuisineaz.com/660x660/default/default.jpg
Mousse légère de courgette au chèvre,14,10,4,easy,0,4.0,aperitif,4 Pers.,https://www.cuisineaz.com/recettes/mousse-legere-de-courgette-au-chevre-68251.aspx,https://img.cuisineaz.com/660x660/2018-01-28/i135284-mousse-fromage-recette-chevre-fromage-courgette.jpeg
Mousse de lentilles à l'avocat et aux Saint Jacques,50,15,35,medium,0,5.0,aperitif,3 Pers.,https://www.cuisineaz.com/recettes/mousse-de-lentilles-a-l-avocat-et-aux-saint-jacques-67222.aspx,https://img.cuisineaz.com/660x660/2014-03-06/i33740-photo-de-mousse-de-lentilles-a-l-avocat-et-aux-st-jacques.jpg
Popcorn maison,5,2,3,easy,0,5.0,aperitif,2 Pers.,https://www.cuisineaz.com/recettes/popcorn-maison-64334.aspx,https://img.cuisineaz.com/660x660/2014-02-24/i88567-popcorn-maison.jpg
Toasts de poivrons marinés,40,10,30,easy,2,3.0,aperitif,1vingtainedetoasts,https://www.cuisineaz.com/recettes/toasts-de-poivrons-marines-60840.aspx,https://img.cuisineaz.com/660x660/2013-12-20/i31862-toasts-de-poivrons-marines.jpg
Mousse de betteraves,10,10,0,easy,0,5.0,aperitif,4 Pers.,https://www.cuisineaz.com/recettes/mousse-de-betteraves-60102.aspx,https://img.cuisineaz.com/660x660/2016-11-04/i77616-mousse-de-betteraves.jpg
Mousse minceur d'aubergines,55,20,35,easy,1,4.0,aperitif,4 Pers.,https://www.cuisineaz.com/recettes/mousse-minceur-d-aubergines-59319.aspx,https://img.cuisineaz.com/660x660/2018-01-29/i135290-recette-aubergine-oignon-leger.jpeg
Nems de chèvre frais,3,3,0,easy,1,4.5,aperitif,4 Pers.,https://www.cuisineaz.com/recettes/nems-de-chevre-frais-59069.aspx,https://img.cuisineaz.com/660x660/2016-07-05/i87286-nem.jpg
Mousse d'oeufs brouillés,25,20,5,easy,1,2.5,aperitif,3 Pers.,https://www.cuisineaz.com/recettes/mousse-d-oeufs-brouilles-57461.aspx,https://img.cuisineaz.com/660x660/2016-04-07/i89938-mousse-oeufs.jpg
Rillettes de poireaux,45,15,30,easy,4,4.5,aperitif,8 Pers.,https://www.cuisineaz.com/recettes/rillettes-de-poireaux-57263.aspx,https://img.cuisineaz.com/660x660/2015-10-15/i74331-rillettes-poireau.jpg
Espuma de betteraves,20,20,0,medium,14,3.5,aperitif,6 Pers.,https://www.cuisineaz.com/recettes/espuma-de-betteraves-52473.aspx,https://img.cuisineaz.com/660x660/2013-12-20/i27154-recette-d-espumas-de-betteraves.jpg
Mousse de betteraves rouges,15,15,0,easy,3,4.5,aperitif,6 Pers.,https://www.cuisineaz.com/recettes/mousse-de-betteraves-rouges-47363.aspx,https://img.cuisineaz.com/660x660/2013-12-20/i3275-mousse-de-betteraves-rouges.jpg
Mousse de foie,25,25,0,easy,0,4.0,aperitif,2ramequins,https://www.cuisineaz.com/recettes/mousse-de-foie-46831.aspx,https://img.cuisineaz.com/660x660/2016-10-31/i74298-mousse-de-foie.jpg
Roulade de crêpe au chèvre pour l'apéritif,45,30,15,difficult,0,4.0,aperitif,10 Pers.,https://www.cuisineaz.com/recettes/roulade-de-crepe-au-chevre-pour-l-aperitif-46587.aspx,https://img.cuisineaz.com/660x660/2016-04-28/i38589-roulade-de-chevre-a-l-aperitif.jpg
Mousse de langoustine et de lotte,60,30,30,easy,0,5.0,aperitif,4 Pers.,https://www.cuisineaz.com/recettes/mousse-de-langoustine-et-de-lotte-42394.aspx,https://img.cuisineaz.com/660x660/default/default.jpg
Mousse de Saint Jacques,25,20,5,easy,0,4.5,aperitif,4 Pers.,https://www.cuisineaz.com/recettes/mousse-de-saint-jacques-35147.aspx,https://img.cuisineaz.com/660x660/2016-10-21/i108014-mousse-de-saint-jacques.jpg
Gougères au parmesan,70,25,45,easy,2,4.0,aperitif,6 Pers.,https://www.cuisineaz.com/recettes/gougeres-au-parmesan-33455.aspx,https://img.cuisineaz.com/660x660/2015-10-27/i89792-gougeres-au-parmesan.jpg
Mousse de saumon avec crème fraiche,30,30,0,easy,0,4.0,aperitif,6 Pers.,https://www.cuisineaz.com/recettes/mousse-de-saumon-avec-creme-fraiche-14011.aspx,https://img.cuisineaz.com/660x660/default/default.jpg
Mousse de thon fraicheur,20,20,0,easy,4,4.0,aperitif,4 Pers.,https://www.cuisineaz.com/recettes/mousse-de-thon-fraicheur-12462.aspx,https://img.cuisineaz.com/660x660/2013-12-20/i14792-mousse-thon.jpg
Mousse au jambon,10,10,0,easy,2,3.5,aperitif,8 Pers.,https://www.cuisineaz.com/recettes/mousse-au-jambon-11827.aspx,https://img.cuisineaz.com/660x660/2013-12-20/i19311-mousse-au-jambon.jpg
Mousse d'oeufs au cumin,15,5,10,easy,0,4.0,aperitif,4 Pers.,https://www.cuisineaz.com/recettes/mousse-d-oeufs-au-cumin-11743.aspx,https://img.cuisineaz.com/660x660/default/default.jpg
Mousse de salsifis,55,10,45,easy,2,4.5,aperitif,6 Pers.,https://www.cuisineaz.com/recettes/mousse-de-salsifis-10971.aspx,https://img.cuisineaz.com/660x660/2014-01-06/i91116-mousse-de-salsifis.jpg
Mousse de thon de Jacqueline,35,25,10,easy,0,4.0,aperitif,8 Pers.,https://www.cuisineaz.com/recettes/mousse-de-thon-de-jacqueline-7557.aspx,https://img.cuisineaz.com/660x660/2016-10-09/i94561-mousse-de-thon-de-jacqueline.jpg
Mousse de courgettes,35,15,20,missing,4,4.5,aperitif,2 Pers.,https://www.cuisineaz.com/recettes/mousse-de-courgettes-4582.aspx,https://img.cuisineaz.com/660x660/2013-12-20/i88551-photo-de-mousse-de-courgettes.jpg
Apéritif aux feuilles de guignier,0,0,0,missing,0,4.0,aperitif,Pers.,https://www.cuisineaz.com/recettes/aperitif-aux-feuilles-de-guignier-2519.aspx,https://img.cuisineaz.com/660x660/default/default.jpg
Gougères au gruyère et à la crème épaisse,55,35,20,easy,1,4.5,aperitif,4 Pers.,https://www.cuisineaz.com/recettes/gougeres-au-gruyere-et-a-la-creme-epaisse-1936.aspx,https://img.cuisineaz.com/660x660/2013-12-20/i96696-gougeres-gruyere.jpg
Blinis simples,15,10,5,easy,2,4.0,aperitif,4 Pers.,https://www.cuisineaz.com/recettes/blinis-simples-872.aspx,https://img.cuisineaz.com/660x660/2013-12-20/i108398-blinis-simples.jpg
Pain surprise au Thermomix,0,,0,easy,0,5.0,aperitif,8 Pers.,https://www.cuisineaz.com/recettes/pain-surprise-au-thermomix-110220.aspx,https://img.cuisineaz.com/660x660/default/default.jpg
Empanadas au Thermomix,65,40,25,easy,1,3.5,aperitif,6 Pers.,https://www.cuisineaz.com/recettes/empanadas-au-thermomix-110216.aspx,https://img.cuisineaz.com/660x660/2020-03-31/i153606-shutterstock-1474319663.jpeg
Bouchées de thon au Thermomix,25,5,20,easy,0,5.0,aperitif,6 Pers.,https://www.cuisineaz.com/recettes/bouchees-de-thon-au-thermomix-110198.aspx,https://img.cuisineaz.com/660x660/2020-03-31/i153347-shutterstock-156545006.jpeg
Navarin d'agneau au Companion,90,30,60,easy,0,5.0,aperitif,4 Pers.,https://www.cuisineaz.com/recettes/navarin-d-agneau-au-companion-109875.aspx,https://img.cuisineaz.com/660x660/2020-03-17/i152549-shutterstock-671687356.jpeg
Guacamole au Monsieur Cuisine,7,5,2,easy,0,5.0,aperitif,4 Pers.,https://www.cuisineaz.com/recettes/guacamole-au-monsieur-cuisine-109822.aspx,https://img.cuisineaz.com/660x660/2020-03-12/i152439-shutterstock-1492690751.jpeg
Gougères au Monsieur Cuisine,28,5,23,easy,0,5.0,aperitif,4 Pers.,https://www.cuisineaz.com/recettes/gougeres-au-monsieur-cuisine-109809.aspx,https://img.cuisineaz.com/660x660/2020-03-12/i152424-shutterstock-695110198.jpeg
Biscuits salés au Boursin et noisettes,40,30,10,easy,0,5.0,aperitif,9 Pers.,https://www.cuisineaz.com/recettes/biscuits-sales-au-boursin-et-noisettes-109765.aspx,https://img.cuisineaz.com/660x660/2020-04-01/i153628-biscuits-sales-boursin.jpeg
Verrine d'oeuf mimosa au jambon,20,10,10,easy,0,5.0,aperitif,4 Pers.,https://www.cuisineaz.com/recettes/verrine-d-oeuf-mimosa-au-jambon-109700.aspx,https://img.cuisineaz.com/660x660/2020-03-06/i152298-verrine-oeuf-mimosa-jambon.jpeg
Brochettes apéritives à l’œuf de caille,14,10,4,easy,0,5.0,aperitif,4 Pers.,https://www.cuisineaz.com/recettes/brochettes-aperitives-a-l-oeuf-de-caille-109647.aspx,https://img.cuisineaz.com/660x660/2020-03-05/i152258-brochettes-aperitives-oeuf-de-caille.jpeg
Crème de chou-fleur à la noisette,30,30,0,easy,0,5.0,aperitif,4 Pers.,https://www.cuisineaz.com/recettes/creme-de-chou-fleur-a-la-noisette-109607.aspx,https://img.cuisineaz.com/660x660/2020-02-28/i152190-creme-de-chou-fleur-a-la-noisette.jpeg
Croquettes de Brie,30,30,0,easy,0,5.0,aperitif,4 Pers.,https://www.cuisineaz.com/recettes/croquettes-de-brie-109602.aspx,https://img.cuisineaz.com/660x660/2020-02-28/i152185-croquettes-de-brie.jpeg
"Pizza au pesto, fromage blanc, courgette, oignon, champignon de Tom&Clau",45,15,30,easy,0,5.0,aperitif,2 Pers.,https://www.cuisineaz.com/recettes/pizza-au-pesto-fromage-blanc-courgette-oignon-champignon-de-tom-clau-109504.aspx,https://img.cuisineaz.com/660x660/default/default.jpg
Cookies salés au Crottin de Chèvre Rians,33,20,13,easy,0,5.0,aperitif,10 Pers.,https://www.cuisineaz.com/recettes/cookies-sales-au-crottin-de-chevre-rians-109440.aspx,https://img.cuisineaz.com/660x660/2019-12-05/i151640-cookies-sales-au-crottin-de-chevre-rians.jpeg
Tartare d’été par FAST[OCHE]®,60,60,0,easy,0,5.0,aperitif,1 Pers.,https://www.cuisineaz.com/recettes/tartare-d-ete-par-fast-oche-109412.aspx,https://img.cuisineaz.com/660x660/2019-12-04/i151583-tartare-d-ete-par-fast-oche.jpeg
Tapenades par FAST[OCHE]®,60,60,0,easy,0,5.0,aperitif,3 Pers.,https://www.cuisineaz.com/recettes/tapenades-par-fast-oche-109404.aspx,https://img.cuisineaz.com/660x660/2019-12-04/i151563-tapenades-par-fast-oche.jpeg
Tatin de tomates par FAST[OCHE]®,60,60,0,easy,0,5.0,aperitif,3 Pers.,https://www.cuisineaz.com/recettes/tatin-de-tomates-par-fast-oche-109396.aspx,https://img.cuisineaz.com/660x660/2019-12-04/i151548-.jpeg
Carottade au cumin par FAST[OCHE]®,60,60,0,easy,0,5.0,aperitif,4 Pers.,https://www.cuisineaz.com/recettes/carottade-au-cumin-par-fast-oche-109395.aspx,https://img.cuisineaz.com/660x660/2019-12-04/i151546-.jpeg
Tartine pancetta Saint-Marcellin par FAST[OCHE]®,60,60,0,easy,0,5.0,aperitif,4 Pers.,https://www.cuisineaz.com/recettes/tartine-pancetta-saint-marcellin-par-fast-oche-109393.aspx,https://img.cuisineaz.com/660x660/2019-12-04/i151542-.jpeg
Tartinade de courgette et chips de chorizo par FAST[OCHE]®,60,60,0,easy,0,5.0,aperitif,4 Pers.,https://www.cuisineaz.com/recettes/tartinade-de-courgette-et-chips-de-chorizo-par-fast-oche-109388.aspx,https://img.cuisineaz.com/660x660/2019-12-04/i151535-.jpeg
"Tartelettes, courgette, chorizo et fromage basque par FAST[OCHE]®",60,60,0,easy,0,5.0,aperitif,4 Pers.,https://www.cuisineaz.com/recettes/tartelettes-courgette-chorizo-et-fromage-basque-par-fast-oche-109385.aspx,https://img.cuisineaz.com/660x660/2019-12-04/i151532-.jpeg
Soupe de champagne par FAST[OCHE]®,60,60,0,easy,2,5.0,aperitif,2 Pers.,https://www.cuisineaz.com/recettes/soupe-de-champagne-par-fast-oche-109367.aspx,https://img.cuisineaz.com/660x660/2019-12-04/i151503-.jpeg
Sticks mozza épinards par FAST[OCHE]®,60,60,0,easy,0,5.0,aperitif,4 Pers.,https://www.cuisineaz.com/recettes/sticks-mozza-epinards-par-fast-oche-109366.aspx,https://img.cuisineaz.com/660x660/2019-12-04/i151500-.jpeg
Sticks jambon-mimolette par FAST[OCHE]®,60,60,0,easy,0,5.0,aperitif,2 Pers.,https://www.cuisineaz.com/recettes/sticks-jambon-mimolette-par-fast-oche-109361.aspx,https://img.cuisineaz.com/660x660/2019-12-04/i151492-.jpeg
Shooter de betterave au wasabi par FAST[OCHE]®,60,60,0,easy,0,5.0,aperitif,4 Pers.,https://www.cuisineaz.com/recettes/shooter-de-betterave-au-wasabi-par-fast-oche-109360.aspx,https://img.cuisineaz.com/660x660/2019-12-04/i151494-.jpeg
"Rouleau de viande, ricotta et roquette par FAST[OCHE]®",60,60,0,easy,0,5.0,aperitif,4 Pers.,https://www.cuisineaz.com/recettes/rouleau-de-viande-ricotta-et-roquette-par-fast-oche-109356.aspx,https://img.cuisineaz.com/660x660/2019-12-04/i151489-rouleau-de-viande-ricotta-et-roquette-par-fast-oche.jpeg
Saumon Gravlax d’été par FAST[OCHE]®,60,60,0,easy,0,5.0,aperitif,4 Pers.,https://www.cuisineaz.com/recettes/saumon-gravlax-d-ete-par-fast-oche-109355.aspx,https://img.cuisineaz.com/660x660/2019-12-04/i151485-.jpeg
Salsa Mango par FAST[OCHE]®,60,60,0,easy,0,5.0,aperitif,4 Pers.,https://www.cuisineaz.com/recettes/salsa-mango-par-fast-oche-109346.aspx,https://img.cuisineaz.com/660x660/2019-12-04/i151471-.jpeg
Poulet frit par FAST[OCHE]®,60,60,0,easy,0,5.0,aperitif,2 Pers.,https://www.cuisineaz.com/recettes/poulet-frit-par-fast-oche-109337.aspx,https://img.cuisineaz.com/660x660/2019-12-04/i151460-poulet-frit-par-fast-oche.jpeg
Blancs en neige au Cook Expert,5,5,0,easy,0,5.0,bases,4 Pers.,https://www.cuisineaz.com/recettes/blancs-en-neige-au-cook-expert-109857.aspx,https://img.cuisineaz.com/660x660/2020-03-16/i152520-blancs-en-neige.jpeg
Pâte sucrée au Thermomix,10,10,0,easy,0,5.0,bases,6 Pers.,https://www.cuisineaz.com/recettes/pate-sucree-au-thermomix-109642.aspx,https://img.cuisineaz.com/660x660/2020-03-04/i152243-pate-sucree-au-thermomix.jpeg
Véritable risotto,28,10,18,easy,0,5.0,bases,4 Pers.,https://www.cuisineaz.com/recettes/veritable-risotto-109522.aspx,https://img.cuisineaz.com/660x660/2020-02-18/i152028-.png
Chapelure,10,10,0,easy,21,4.5,bases,1 Pers.,https://www.cuisineaz.com/recettes/chapelure-10926.aspx,https://img.cuisineaz.com/660x660/2013-12-20/i6739-chapelure.jpg
Pâte à tarte Tupperware,5,5,0,easy,0,5.0,bases,6 Pers.,https://www.cuisineaz.com/recettes/pate-a-tarte-tupperware-97537.aspx,https://img.cuisineaz.com/660x660/2017-05-20/i127743-.jpeg
Appareil à quiche,15,15,0,easy,12,4.5,bases,6 Pers.,https://www.cuisineaz.com/recettes/appareil-a-quiche-60070.aspx,https://img.cuisineaz.com/660x660/2013-12-20/i16992-appareil-a-quiche.jpeg
Pâte à tempura,15,10,5,easy,1,5.0,bases,4 Pers.,https://www.cuisineaz.com/recettes/pate-a-tempura-92365.aspx,https://img.cuisineaz.com/660x660/2017-01-19/i115868-pate-a-tempura.jpeg
Pâte à beignets sans œuf,13,10,3,easy,2,2.5,bases,6 Pers.,https://www.cuisineaz.com/recettes/pate-a-beignets-sans-oeuf-101147.aspx,https://img.cuisineaz.com/660x660/2018-03-01/i136034-pate-a-beignets-sans-oeuf.jpeg
Pâte brisée Monsieur Cuisine,20,20,0,easy,0,5.0,bases,6 Pers.,https://www.cuisineaz.com/recettes/pate-brisee-monsieur-cuisine-101821.aspx,https://img.cuisineaz.com/660x660/2018-04-25/i139841-.jpeg
Nappage au chocolat,20,20,0,easy,24,4.5,bases,6 Pers.,https://www.cuisineaz.com/recettes/nappage-au-chocolat-56837.aspx,https://img.cuisineaz.com/660x660/2016-03-17/i8367-recette-nappage-au-chocolat-sans-sucre.jpg
Pâte brisée au Kitchenaid,5,5,0,easy,0,5.0,bases,4 Pers.,https://www.cuisineaz.com/recettes/pate-brisee-au-kitchenaid-99087.aspx,https://img.cuisineaz.com/660x660/2017-09-26/i132581-pate-brisee-au-kitchenaid.jpeg
Glaçage,10,10,0,easy,1,3.5,bases,8 Pers.,https://www.cuisineaz.com/recettes/glacage-59861.aspx,https://img.cuisineaz.com/660x660/2016-04-28/i32076-glacage.jpg
Pâte brisée au robot pâtissier,20,20,0,easy,2,3.0,bases,4 Pers.,https://www.cuisineaz.com/recettes/pate-brisee-au-robot-patissier-101835.aspx,https://img.cuisineaz.com/660x660/2018-04-25/i139856-.jpeg
Pâte brisée légère,20,20,0,easy,11,4.0,bases,6 Pers.,https://www.cuisineaz.com/recettes/pate-brisee-legere-55008.aspx,https://img.cuisineaz.com/660x660/2018-01-30/i135325-recette-pate-brisee-legere-tarte.jpeg
Pâte à pain,25,10,15,easy,15,4.5,bases,4 Pers.,https://www.cuisineaz.com/recettes/pate-a-pain-48577.aspx,https://img.cuisineaz.com/660x660/2013-12-20/i56522-pate-a-pain.jpg
Pâte brisée vegan,25,15,10,medium,1,5.0,bases,6 Pers.,https://www.cuisineaz.com/recettes/pate-brisee-vegan-101231.aspx,https://img.cuisineaz.com/660x660/2018-03-14/i136265-pate-brisee-vegan-margarine.jpeg
Pâte brisée au Companion,15,15,0,easy,1,5.0,bases,6 Pers.,https://www.cuisineaz.com/recettes/pate-brisee-au-companion-101784.aspx,https://img.cuisineaz.com/660x660/2018-04-25/i139800-.jpeg
Pâte brisée simple et rapide,7,5,2,easy,0,5.0,bases,4 Pers.,https://www.cuisineaz.com/recettes/pate-brisee-simple-et-rapide-57376.aspx,https://img.cuisineaz.com/660x660/2018-03-19/i136644-pate-brisee-simple-et-rapide.jpeg
Appareil à cake salé,10,10,0,easy,0,4.5,bases,6 Pers.,https://www.cuisineaz.com/recettes/appareil-a-cake-sale-62156.aspx,https://img.cuisineaz.com/660x660/2013-12-20/i22110-appareil-a-cake-sale.jpeg
Pâte à sucre au Thermomix,8,5,3,easy,0,5.0,bases,4 Pers.,https://www.cuisineaz.com/recettes/pate-a-sucre-au-thermomix-98478.aspx,https://img.cuisineaz.com/660x660/2017-08-03/i131278-pate-a-sucre-au-thermomix.jpeg
Chantilly sans siphon,15,15,0,easy,0,2.5,bases,4 Pers.,https://www.cuisineaz.com/recettes/chantilly-sans-siphon-59634.aspx,https://img.cuisineaz.com/660x660/2013-12-20/i21702-chantilly-sans-siphon.jpg
Pâte à ravioles,40,30,10,easy,6,3.5,bases,4 Pers.,https://www.cuisineaz.com/recettes/pate-a-ravioles-62168.aspx,https://img.cuisineaz.com/660x660/2013-12-20/i27267-pate-a-ravioles.jpg
Comment peler une tomate,20,20,0,easy,2,3.0,bases,1 Pers.,https://www.cuisineaz.com/recettes/comment-peler-une-tomate-65577.aspx,https://img.cuisineaz.com/660x660/2013-12-20/i22361-peler-tomate.jpg
Pâte à sucre au glucose,20,20,0,easy,6,5.0,bases,6 Pers.,https://www.cuisineaz.com/recettes/pate-a-sucre-au-glucose-61978.aspx,https://img.cuisineaz.com/660x660/2013-12-20/i2028-pate-a-sucre-au-glucose.jpg
Pâte à tarte sans œuf,10,10,0,easy,0,5.0,bases,6 Pers.,https://www.cuisineaz.com/recettes/pate-a-tarte-sans-oeuf-101176.aspx,https://img.cuisineaz.com/660x660/2018-03-02/i136080-pate-a-tarte-sans-oeuf.jpeg
Pâte brisée sans gluten,10,10,0,easy,0,5.0,bases,6 Pers.,https://www.cuisineaz.com/recettes/pate-brisee-sans-gluten-99496.aspx,https://img.cuisineaz.com/660x660/2017-10-27/i133585-pate-brisee-sans-gluten.jpeg
Pâte à gaufres facile,8,5,3,easy,5,3.5,bases,5 Pers.,https://www.cuisineaz.com/recettes/pate-a-gaufres-facile-50446.aspx,https://img.cuisineaz.com/660x660/2018-02-12/i135616-pate-a-gaufres-faciles.jpeg
Pâte à tarte sans gluten,10,10,0,easy,1,3.0,bases,6 Pers.,https://www.cuisineaz.com/recettes/pate-a-tarte-sans-gluten-99478.aspx,https://img.cuisineaz.com/660x660/2017-10-26/i133565-pate-a-tarte-sans-gluten.jpeg
Pâte brisée maison,35,15,20,easy,4,4.5,bases,6 Pers.,https://www.cuisineaz.com/recettes/pate-brisee-maison-7108.aspx,https://img.cuisineaz.com/660x660/2015-06-03/i9136-pate-brisee.png
Beurre végétal,15,15,0,easy,0,5.0,bases,8 Pers.,https://www.cuisineaz.com/recettes/beurre-vegetal-101161.aspx,https://img.cuisineaz.com/660x660/2018-03-01/i136059-beurre-vegetal-maison-huile-de-coco.jpeg
Sirop de mûres à l'extracteur de jus,50,30,20,easy,0,5.0,drink,10 Pers.,https://www.cuisineaz.com/recettes/sirop-de-mures-a-l-extracteur-de-jus-110560.aspx,https://img.cuisineaz.com/660x660/2020-06-17/i154301-sirop-de-mures.jpeg
Café Dalgona,7,5,2,easy,0,5.0,drink,1 Pers.,https://www.cuisineaz.com/recettes/cafe-dalgona-110376.aspx,https://img.cuisineaz.com/660x660/2020-04-29/i153945-cafe-dalgona.jpeg
Citronnade au Cook Expert,10,10,0,easy,0,5.0,drink,4 Pers.,https://www.cuisineaz.com/recettes/citronnade-au-cook-expert-109995.aspx,https://img.cuisineaz.com/660x660/2020-03-22/i152755-citronnade.jpeg
Citronnade rapide,10,10,0,easy,43,4.5,drink,4 Pers.,https://www.cuisineaz.com/recettes/citronnade-rapide-11565.aspx,https://img.cuisineaz.com/660x660/2013-12-20/i16050-citronnade-rapide.jpg
Eau de concombre et citron vert,15,15,0,easy,0,4.0,drink,4 Pers.,https://www.cuisineaz.com/recettes/eau-de-concombre-et-citron-vert-64911.aspx,https://img.cuisineaz.com/660x660/2013-12-20/i96069-eau-de-concombre-et-citron-vert.jpg
Citronnade au Thermomix,2,2,0,easy,0,5.0,drink,4 Pers.,https://www.cuisineaz.com/recettes/citronnade-au-thermomix-101878.aspx,https://img.cuisineaz.com/660x660/2018-04-27/i139903-citronnade-au-thermomix.jpeg
"Eau aromatisée au concombre-citron-menthe, bio",15,15,0,easy,0,5.0,drink,4 Pers.,https://www.cuisineaz.com/recettes/eau-aromatisee-au-concombre-citron-menthe-bio-98027.aspx,https://img.cuisineaz.com/660x660/2017-06-26/i130449-.jpeg
Vin de noix,10,10,0,difficult,0,5.0,drink,10 Pers.,https://www.cuisineaz.com/recettes/vin-de-noix-44246.aspx,https://img.cuisineaz.com/660x660/2016-04-28/i27533-vin-de-noix-et-feuilles-de-noyer.jpg
Café glacé,5,5,0,easy,0,4.5,drink,1 Pers.,https://www.cuisineaz.com/recettes/cafe-glace-64841.aspx,https://img.cuisineaz.com/660x660/2013-12-20/i92699-cafe-glace.jpg
Citronnade au citron vert,10,10,0,easy,0,4.0,drink,6 Pers.,https://www.cuisineaz.com/recettes/citronnade-au-citron-vert-83939.aspx,https://img.cuisineaz.com/660x660/2015-10-27/i11970-citronnade-au-citron-vert.jpg
Pimms cocktail,10,10,0,easy,0,5.0,drink,6 Pers.,https://www.cuisineaz.com/recettes/pimms-cocktail-102357.aspx,https://img.cuisineaz.com/660x660/2018-07-07/i140862-pimms-cocktail.jpeg
Sirop de groseille,20,,20,easy,0,3.0,drink,4 Pers.,https://www.cuisineaz.com/recettes/sirop-de-groseille-80973.aspx,https://img.cuisineaz.com/660x660/2018-03-19/i136764-sirop-de-groseille.jpeg
"Infusion détox de fêtes citron, miel et gingembre",10,5,5,easy,0,5.0,drink,4 Pers.,https://www.cuisineaz.com/recettes/infusion-detox-de-fetes-citron-miel-et-gingembre-90628.aspx,https://img.cuisineaz.com/660x660/2016-10-30/i93752-infusion-detox-de-fetes-citron-miel-et-gingembre.jpg
Diabolo au citron vert,5,5,0,easy,0,5.0,drink,4 Pers.,https://www.cuisineaz.com/recettes/diabolo-au-citron-vert-57080.aspx,https://img.cuisineaz.com/660x660/2013-12-20/i100680-diabolo-citron-vert.jpg
Sirop de menthe maison',0,0,0,easy,0,5.0,drink,5 Pers.,https://www.cuisineaz.com/recettes/sirop-de-menthe-maison-80970.aspx,https://img.cuisineaz.com/660x660/2018-03-19/i136765-sirop-de-menthe-maison.jpeg
Vin de sureau,10,10,0,easy,2,5.0,drink,4 Pers.,https://www.cuisineaz.com/recettes/vin-de-sureau-44256.aspx,https://img.cuisineaz.com/660x660/2018-03-19/i136861-vin-de-sureau.jpeg
Citronnade fraiche à la menthe idéale pour un pique nique,600,600,0,easy,0,5.0,drink,4 Pers.,https://www.cuisineaz.com/recettes/citronnade-fraiche-a-la-menthe-ideale-pour-un-pique-nique-97322.aspx,https://img.cuisineaz.com/660x660/2017-05-10/i127531-citronnade-fraiche-a-la-menthe-ideale-pour-un-pique-nique.jpeg
Smoothie détox au Thermomix,5,5,0,easy,0,5.0,drink,4 Pers.,https://www.cuisineaz.com/recettes/smoothie-detox-au-thermomix-98720.aspx,https://img.cuisineaz.com/660x660/2017-08-16/i131622-smoothie-detox-au-thermomix.jpeg
Vin de noyer du périgord,10,10,0,difficult,0,5.0,drink,6 Pers.,https://www.cuisineaz.com/recettes/vin-de-noyer-du-perigord-44252.aspx,https://img.cuisineaz.com/660x660/2018-03-19/i136860-vin-de-noyer-du-perigord.jpeg
Vin de cerisier,10,10,0,difficult,0,4.0,drink,6 Pers.,https://www.cuisineaz.com/recettes/vin-de-cerisier-44239.aspx,https://img.cuisineaz.com/660x660/2018-03-19/i137370-vin-de-cerisier.jpeg
Vin de cerises,20,20,0,difficult,0,5.0,drink,5 Pers.,https://www.cuisineaz.com/recettes/vin-de-cerises-39372.aspx,https://img.cuisineaz.com/660x660/default/default.jpg
Vin chaud facile,20,5,15,easy,13,4.5,drink,6 Pers.,https://www.cuisineaz.com/recettes/vin-chaud-facile-6807.aspx,https://img.cuisineaz.com/660x660/2020-11-05/i155890-vin-chaud.jpeg
Infusion de fleurs d'hibiscus en granité,10,10,0,easy,0,5.0,drink,4 Pers.,https://www.cuisineaz.com/recettes/infusion-de-fleurs-d-hibiscus-en-granite-97626.aspx,https://img.cuisineaz.com/660x660/2017-05-31/i127929-.jpeg
Citronnade au gingembre,20,10,10,easy,0,5.0,drink,2 Pers.,https://www.cuisineaz.com/recettes/citronnade-au-gingembre-88526.aspx,https://img.cuisineaz.com/660x660/2016-07-19/i25946-citronnade-au-gingembre.png
Soupe de l'accouchée,15,15,0,easy,0,4.0,drink,4 Pers.,https://www.cuisineaz.com/recettes/soupe-de-l-accouchee-43793.aspx,https://img.cuisineaz.com/660x660/default/default.jpg
Vin de groseille,60,60,0,easy,0,5.0,drink,4 Pers.,https://www.cuisineaz.com/recettes/vin-de-groseille-102210.aspx,https://img.cuisineaz.com/660x660/2018-06-18/i140506-vin-de-groseille.jpeg
Pineaujito : cocktail au Pineau façon mojito,5,5,0,easy,0,5.0,drink,2 Pers.,https://www.cuisineaz.com/recettes/pineaujito-cocktail-au-pineau-facon-mojito-97944.aspx,https://img.cuisineaz.com/660x660/2017-06-20/i128398-.jpeg
Citronnade tunisienne,35,5,30,easy,0,5.0,drink,4 Pers.,https://www.cuisineaz.com/recettes/citronnade-tunisienne-102205.aspx,https://img.cuisineaz.com/660x660/2018-06-18/i140499-citronnade-citrons-menthe-boisson.jpeg
Detox water aux oranges,5,5,0,easy,0,5.0,drink,4 Pers.,https://www.cuisineaz.com/recettes/detox-water-aux-oranges-99790.aspx,https://img.cuisineaz.com/660x660/2017-12-01/i134558-detox-water-aux-oranges.jpeg
Cappuccino maison,5,5,0,easy,0,4.5,drink,1 Pers.,https://www.cuisineaz.com/recettes/cappuccino-maison-95734.aspx,https://img.cuisineaz.com/660x660/2017-01-31/i119253-.jpeg
Croustillants de Noël,50,50,0,easy,0,5.0,desserts,10 Pers.,https://www.cuisineaz.com/recettes/croustillants-de-noel-111349.aspx,https://img.cuisineaz.com/660x660/2020-11-25/i156263-croustillants-de-noel.jpeg
Bûche Cric-Crac,110,80,30,difficult,0,5.0,desserts,10 Pers.,https://www.cuisineaz.com/recettes/buche-cric-crac-111348.aspx,https://img.cuisineaz.com/660x660/2020-11-25/i156262-buche-maelig-georgelin-800x800.jpeg
Bûche au chocolat et à la framboise,234,222,12,easy,0,5.0,desserts,10 Pers.,https://www.cuisineaz.com/recettes/buche-au-chocolat-et-a-la-framboise-111347.aspx,https://img.cuisineaz.com/660x660/default/default.jpg
Msemen,35,20,15,easy,20,4.5,desserts,4 Pers.,https://www.cuisineaz.com/recettes/msemen-62630.aspx,https://img.cuisineaz.com/660x660/2014-01-16/i8709-msemen.jpg
Flan coco au lait concentré sucré,60,10,50,easy,21,4.5,desserts,8 Pers.,https://www.cuisineaz.com/recettes/flan-coco-au-lait-concentre-sucre-82344.aspx,https://img.cuisineaz.com/660x660/2015-06-24/i23578-flan-coco-au-lait-concentre-sucre.jpg
Roulé au nutella facile,25,15,10,easy,43,4.5,desserts,8 Pers.,https://www.cuisineaz.com/recettes/roule-au-nutella-facile-11832.aspx,https://img.cuisineaz.com/660x660/2013-12-20/i108487-roules-nutella.jpg
flan à la noix de coco,40,10,30,easy,3,4.5,desserts,6 Pers.,https://www.cuisineaz.com/recettes/flan-a-la-noix-de-coco-68399.aspx,https://img.cuisineaz.com/660x660/2014-07-26/i8951-photo-de-flan-a-la-noix-de-coco.jpg
Nappage chocolat blanc,15,10,5,easy,35,4.5,desserts,4 Pers.,https://www.cuisineaz.com/recettes/nappage-chocolat-blanc-81430.aspx,https://img.cuisineaz.com/660x660/2016-04-28/i2097-nappage-chocolat-blanc.jpg
Mousse au chocolat blanc facile facile,25,20,5,easy,26,4.5,desserts,8 Pers.,https://www.cuisineaz.com/recettes/mousse-au-chocolat-blanc-facile-facile-54639.aspx,https://img.cuisineaz.com/660x660/2013-12-20/i107996-mousse-au-chocolat-blanc-facile.jpg
Marquisette citron,20,20,0,easy,15,4.5,desserts,10 Pers.,https://www.cuisineaz.com/recettes/marquisette-citron-59263.aspx,https://img.cuisineaz.com/660x660/2013-12-20/i17363-marquisette-au-citron.jpeg
Graines de Chia au lait de coco et mangues,5,5,0,easy,0,5.0,desserts,2 Pers.,https://www.cuisineaz.com/recettes/graines-de-chia-au-lait-de-coco-et-mangues-91786.aspx,https://img.cuisineaz.com/660x660/2016-12-21/i114836-.jpeg
Mousse au chocolat Monsieur Cuisine,10,10,0,easy,0,5.0,desserts,4 Pers.,https://www.cuisineaz.com/recettes/mousse-au-chocolat-monsieur-cuisine-101827.aspx,https://img.cuisineaz.com/660x660/2018-04-25/i139847-.jpeg
Porridge crémeux à la banane,20,10,10,easy,18,4.5,desserts,2 Pers.,https://www.cuisineaz.com/recettes/porridge-cremeux-a-la-banane-67141.aspx,https://img.cuisineaz.com/660x660/2014-02-20/i65902-porridge-cremeux-a-la-banane.jpg
Pêche Melba facile,25,20,5,easy,23,4.5,desserts,6 Pers.,https://www.cuisineaz.com/recettes/peche-melba-facile-3710.aspx,https://img.cuisineaz.com/660x660/2015-06-04/i94093-peches.jpg
Meringue simple,110,20,90,easy,17,4.5,desserts,8 Pers.,https://www.cuisineaz.com/recettes/meringue-simple-59583.aspx,https://img.cuisineaz.com/660x660/2013-12-20/i28316-meringue.jpg
Nutella maison,23,15,8,easy,1,3.5,desserts,4 Pers.,https://www.cuisineaz.com/recettes/nutella-maison-87777.aspx,https://img.cuisineaz.com/660x660/2016-06-22/i28285-nutella-maison.jpg
Gâteaux marocains à la noix de coco et à la confiture d'abricots,50,30,20,easy,14,4.5,desserts,6 Pers.,https://www.cuisineaz.com/recettes/gateaux-marocains-a-la-noix-de-coco-et-a-la-confiture-d-abricots-12575.aspx,https://img.cuisineaz.com/660x660/2016-03-17/i47697-gateaux-marocains-a-la-noix-de-coco.jpg
Riz aux tomates façon grand-mère,22,10,12,easy,0,5.0,desserts,4 Pers.,https://www.cuisineaz.com/recettes/riz-aux-tomates-facon-grand-mere-70224.aspx,https://img.cuisineaz.com/660x660/2016-09-23/i94106-riz-aux-tomates-facon-grand-mere.jpg
Mousse fraîche aux fraises,20,20,0,easy,2,4.5,desserts,6 Pers.,https://www.cuisineaz.com/recettes/mousse-fraiche-aux-fraises-11776.aspx,https://img.cuisineaz.com/660x660/2015-07-21/i17273-mousse-fraiche-aux-fraises.jpg
Milkshake au chocolat à la chantilly,5,5,0,easy,1,5.0,desserts,4 Pers.,https://www.cuisineaz.com/recettes/milkshake-au-chocolat-a-la-chantilly-82372.aspx,https://img.cuisineaz.com/660x660/2015-06-29/i87332-milkshake-au-chocolat-a-la-chantilly.jpg
Mousse aux framboises en 10 min,20,10,10,easy,2,4.0,desserts,6 Pers.,https://www.cuisineaz.com/recettes/mousse-aux-framboises-en-10-min-73792.aspx,https://img.cuisineaz.com/660x660/2018-06-23/i140634-recette-mousse-framboise.jpeg
Sauce au chocolat,20,10,10,easy,32,4.5,desserts,4 Pers.,https://www.cuisineaz.com/recettes/sauce-au-chocolat-4032.aspx,https://img.cuisineaz.com/660x660/2013-12-20/i28681-sauce-au-chocolat.jpg
Les Zézettes de Sète,55,30,25,easy,2,5.0,desserts,8 Pers.,https://www.cuisineaz.com/recettes/les-zezettes-de-sete-99498.aspx,https://img.cuisineaz.com/660x660/2017-10-27/i133587-.jpeg
Paris Brest au Thermomix,58,15,43,medium,1,3.0,desserts,4 Pers.,https://www.cuisineaz.com/recettes/paris-brest-au-thermomix-98396.aspx,https://img.cuisineaz.com/660x660/2017-07-29/i131150-paris-brest-au-thermomix.jpeg
Pain perdu au four,40,15,25,easy,16,5.0,desserts,4 Pers.,https://www.cuisineaz.com/recettes/pain-perdu-au-four-35581.aspx,https://img.cuisineaz.com/660x660/2016-04-28/i42157-pain-perdu-au-four.jpg
Mousse au chocolat noir facile,20,20,0,easy,8,4.5,desserts,4 Pers.,https://www.cuisineaz.com/recettes/mousse-au-chocolat-noir-facile-15224.aspx,https://img.cuisineaz.com/660x660/2017-06-22/i130302-mousse-au-chocolat-noir-facile.jpeg
Rochers noix de coco,35,15,20,easy,14,4.5,desserts,4 Pers.,https://www.cuisineaz.com/recettes/rochers-noix-de-coco-37066.aspx,https://img.cuisineaz.com/660x660/2013-07-29/i51208-rochers-noix-de-coco.jpg
Coulis de framboises surgelées,5,5,0,easy,0,5.0,desserts,4 Pers.,https://www.cuisineaz.com/recettes/coulis-de-framboises-surgelees-103504.aspx,https://img.cuisineaz.com/660x660/2018-12-12/i145179-coulis-framboises-surgelees.jpeg
Flan antillais au Thermomix,50,5,45,easy,2,5.0,desserts,8 Pers.,https://www.cuisineaz.com/recettes/flan-antillais-au-thermomix-104620.aspx,https://img.cuisineaz.com/660x660/2018-11-07/i143968-flan-antillais-au-thermomix.jpeg
Mug cake chocolat sans œuf,7,5,2,easy,4,2.5,desserts,2 Pers.,https://www.cuisineaz.com/recettes/mug-cake-chocolat-sans-oeuf-99973.aspx,https://img.cuisineaz.com/660x660/2017-11-22/i134372-mug-cake-chocolat-sans-oeuf.jpeg
Iles flottantes en velouté de mâche,40,,40,easy,0,5.0,starter,6 Pers.,https://www.cuisineaz.com/recettes/iles-flottantes-en-veloute-de-mache-111266.aspx,https://img.cuisineaz.com/660x660/2020-11-20/i156191-ile-flottante-nis-for.jpeg
Cassolettes d’escargots à la crème d'ail,35,,35,easy,0,5.0,starter,6 Pers.,https://www.cuisineaz.com/recettes/cassolettes-d-escargots-a-la-creme-d-ail-111265.aspx,https://img.cuisineaz.com/660x660/2020-11-20/i156190-escargots-nis-for.jpeg
Pois chiches rôtis aux épices de Noël,45,15,30,easy,0,5.0,starter,4 Pers.,https://www.cuisineaz.com/recettes/pois-chiches-rotis-aux-epices-de-noel-111226.aspx,https://img.cuisineaz.com/660x660/2020-11-06/i155983-pois-chiches-rotis.jpeg
Truite grillée au thym et aux herbes,25,15,10,easy,16,4.5,starter,4 Pers.,https://www.cuisineaz.com/recettes/truite-grillee-au-thym-et-aux-herbes-52962.aspx,https://img.cuisineaz.com/660x660/2013-12-20/i5332-truite-grillee-avec-herbes.jpeg
Soufflé au fromage facile et rapide,40,15,25,easy,20,4.5,starter,4 Pers.,https://www.cuisineaz.com/recettes/souffle-au-fromage-facile-et-rapide-50444.aspx,https://img.cuisineaz.com/660x660/2013-12-20/i82293-souffle-au-fromage-facile.jpg
Tomates farcies simples,60,15,45,easy,26,4.5,starter,4 Pers.,https://www.cuisineaz.com/recettes/tomates-farcies-simples-23224.aspx,https://img.cuisineaz.com/660x660/2013-12-20/i97788-recette-de-tomates-farcies.jpg
Taboulé libanais en 15 min,15,15,0,easy,14,4.5,starter,4 Pers.,https://www.cuisineaz.com/recettes/taboule-libanais-en-15-min-11043.aspx,https://img.cuisineaz.com/660x660/2013-06-18/i71314-taboule-libanais.jpg
Taboulé de chou-fleur râpé,15,15,0,easy,2,5.0,starter,4 Pers.,https://www.cuisineaz.com/recettes/taboule-de-chou-fleur-rape-79378.aspx,https://img.cuisineaz.com/660x660/2015-04-14/i113665-taboule-de-chou-fleur-rape.jpg
Tomates farcies au Cookeo,20,10,10,easy,0,3.0,starter,4 Pers.,https://www.cuisineaz.com/recettes/tomates-farcies-au-cookeo-98247.aspx,https://img.cuisineaz.com/660x660/2017-07-19/i130878-tomates-farcies-au-cookeo.jpeg
Galette de flocons d'avoine au fromage,15,5,10,easy,8,4.5,starter,4 Pers.,https://www.cuisineaz.com/recettes/galette-de-flocons-d-avoine-au-fromage-77966.aspx,https://img.cuisineaz.com/660x660/2016-01-21/i75515-galette-flocons-avoine.jpg
Tomates farcies au four,40,10,30,easy,0,5.0,starter,4 Pers.,https://www.cuisineaz.com/recettes/tomates-farcies-au-four-97798.aspx,https://img.cuisineaz.com/660x660/2017-06-12/i128204-tomates-farcies-au-four.jpeg
Fougasse au lard et à l'oignon,55,15,40,easy,17,4.5,starter,8 Pers.,https://www.cuisineaz.com/recettes/fougasse-au-lard-et-a-l-oignon-48099.aspx,https://img.cuisineaz.com/660x660/2013-12-20/i19613-fougasse-au-lard-et-a-l-oignon.jpg
Raclette facile,40,20,20,easy,1,4.5,starter,6 Pers.,https://www.cuisineaz.com/recettes/raclette-facile-48481.aspx,https://img.cuisineaz.com/660x660/2013-12-20/i11817-raclette.jpg
Mousse d'asperge,15,15,0,easy,2,4.5,starter,4 Pers.,https://www.cuisineaz.com/recettes/mousse-d-asperge-81404.aspx,https://img.cuisineaz.com/660x660/2016-03-08/i73711-mousse-d-asperge.jpg
Mousse de betteraves facile,10,10,0,easy,0,5.0,starter,4 Pers.,https://www.cuisineaz.com/recettes/mousse-de-betteraves-facile-60388.aspx,https://img.cuisineaz.com/660x660/2016-10-09/i74308-mousse-de-betteraves-facile.jpg
Seiches  a la tomate,75,30,45,easy,4,4.0,starter,4 Pers.,https://www.cuisineaz.com/recettes/seiches-a-la-tomate-43681.aspx,https://img.cuisineaz.com/660x660/2016-04-28/i9372-seiches-a-la-tomate.jpg
Les spaghettis a la bolognaise,60,20,40,easy,3,4.5,starter,4 Pers.,https://www.cuisineaz.com/recettes/les-spaghettis-a-la-bolognaise-46664.aspx,https://img.cuisineaz.com/660x660/2013-12-20/i71303-recette-pate-spaghettis-bolognaise-maison.jpg
Naan indien au fromage,30,30,0,easy,14,5.0,starter,4 Pers.,https://www.cuisineaz.com/recettes/naan-indien-au-fromage-59134.aspx,https://img.cuisineaz.com/660x660/2013-12-20/i13355-naan-indien-au-fromage.jpg
Quenelles à la tomate,40,15,25,easy,0,3.5,starter,3 Pers.,https://www.cuisineaz.com/recettes/quenelles-a-la-tomate-14651.aspx,https://img.cuisineaz.com/660x660/2016-04-28/i21757-quenelles-a-la-tomate.jpg
"Tomates cerise confites à l'huile d'olive, ail et thym",160,10,150,easy,14,4.5,starter,6 Pers.,https://www.cuisineaz.com/recettes/tomates-cerise-confites-a-l-huile-d-olive-ail-et-thym-65176.aspx,https://img.cuisineaz.com/660x660/2016-04-28/i100945-tomates-cerise-confites-a-l-huile-d-olive-ail-et-thym.jpg
Tomates cerises rôties au four,45,5,40,easy,0,4.5,starter,4 Pers.,https://www.cuisineaz.com/recettes/tomates-cerises-roties-au-four-82291.aspx,https://img.cuisineaz.com/660x660/2015-06-23/i87571-tomates-cerises-roties-au-four.jpg
Tomates séchées,195,15,180,easy,13,4.5,starter,6 Pers.,https://www.cuisineaz.com/recettes/tomates-sechees-6128.aspx,https://img.cuisineaz.com/660x660/2013-12-20/i94898-tomates-sechees.jpg
Gazpacho facile,60,60,0,easy,0,4.0,starter,6 Pers.,https://www.cuisineaz.com/recettes/gazpacho-facile-53307.aspx,https://img.cuisineaz.com/660x660/2016-04-28/i6742-gazpacho.jpg
Quesadillas au fromage,30,20,10,easy,1,4.5,starter,3 Pers.,https://www.cuisineaz.com/recettes/quesadillas-au-fromage-48993.aspx,https://img.cuisineaz.com/660x660/2015-10-22/i87535-quesadillas-au-fromage.jpg
Risotto tomate au Cookeo,20,2,18,easy,1,3.5,starter,4 Pers.,https://www.cuisineaz.com/recettes/risotto-tomate-au-cookeo-98281.aspx,https://img.cuisineaz.com/660x660/2017-07-21/i130942-risotto-tomate-au-cookeo.jpeg
"Gaufres salées au jambon cru, aux tomates séchées et à la mozzarella",20,20,0,easy,12,4.5,starter,6 Pers.,https://www.cuisineaz.com/recettes/gaufres-salees-au-jambon-cru-aux-tomates-sechees-et-a-la-mozzarella-48319.aspx,https://img.cuisineaz.com/660x660/2018-02-12/i135654-gaufres-salees-au-jambon-cru-aux-tomates-sechees-et-a-la-mozzarella.jpeg
Tomates provençales,25,5,20,easy,15,5.0,starter,6 Pers.,https://www.cuisineaz.com/recettes/tomates-provencales-11619.aspx,https://img.cuisineaz.com/660x660/2013-12-20/i23195-tomates-provencales.jpg
Gougères au comté,50,15,35,easy,4,4.5,starter,6 Pers.,https://www.cuisineaz.com/recettes/gougeres-au-comte-46552.aspx,https://img.cuisineaz.com/660x660/2013-12-20/i386-gougeres-au-comte.jpg
"Méli-mélo de poivrons, tomates, courgettes à l'ail",40,10,30,missing,0,4.0,starter,4 Pers.,https://www.cuisineaz.com/recettes/meli-melo-de-poivrons-tomates-courgettes-a-l-ail-78949.aspx,https://img.cuisineaz.com/660x660/default/default.jpg
Pan con tomate (tapas),15,15,0,easy,12,4.0,starter,6 Pers.,https://www.cuisineaz.com/recettes/pan-con-tomate-tapas-10979.aspx,https://img.cuisineaz.com/660x660/2013-12-20/i71404-pan-con-tomate-tapas.jpg
"Le batch cooking de Justine Piluso, émission 1",180,120,60,easy,0,5.0,main,4 Pers.,https://www.cuisineaz.com/recettes/le-batch-cooking-de-justine-piluso-emission-1-111272.aspx,https://img.cuisineaz.com/660x660/2020-11-13/i156088-recette-teva.jpeg
Fine quiche au boudin blanc et foie gras,50,,50,easy,0,5.0,main,6 Pers.,https://www.cuisineaz.com/recettes/fine-quiche-au-boudin-blanc-et-foie-gras-111268.aspx,https://img.cuisineaz.com/660x660/2020-11-23/i156219-quiche-nis-for.jpeg
Truffade gastronomique,45,,45,easy,0,5.0,main,6 Pers.,https://www.cuisineaz.com/recettes/truffade-gastronomique-111267.aspx,https://img.cuisineaz.com/660x660/2020-11-20/i156192-truffade-nis-for.jpeg
Papillote de poisson facile et rapide,30,10,20,easy,2,4.0,main,4 Pers.,https://www.cuisineaz.com/recettes/papillote-de-poisson-facile-et-rapide-82477.aspx,https://img.cuisineaz.com/660x660/2015-07-07/i71856-papillote-de-poisson-facile-et-rapide.jpg
Pâte carbonara au Cookeo,7,1,6,easy,6,4.5,main,4 Pers.,https://www.cuisineaz.com/recettes/pate-carbonara-au-cookeo-98237.aspx,https://img.cuisineaz.com/660x660/2017-07-18/i130842-pate-carbonara-au-cookeo.jpeg
Risotto aux champignons au Cookeo,25,5,20,easy,3,4.5,main,4 Pers.,https://www.cuisineaz.com/recettes/risotto-aux-champignons-au-cookeo-98278.aspx,https://img.cuisineaz.com/660x660/2017-07-21/i130940-risotto-aux-champignons-au-cookeo.jpeg
Moussaka facile,55,20,35,easy,44,4.5,main,4 Pers.,https://www.cuisineaz.com/recettes/moussaka-facile-23244.aspx,https://img.cuisineaz.com/660x660/2013-12-20/i5178-moussaka.jpg
Fèves au thym,30,20,10,easy,20,5.0,main,2 Pers.,https://www.cuisineaz.com/recettes/feves-au-thym-11278.aspx,https://img.cuisineaz.com/660x660/2016-04-28/i21799-feves-au-thym.jpg
Semoule à l'eau,15,10,5,easy,14,5.0,main,4 Pers.,https://www.cuisineaz.com/recettes/semoule-a-l-eau-37873.aspx,https://img.cuisineaz.com/660x660/2013-12-20/i95437-semoule-a-l-eau.jpg
Sauce aux champignons facile,50,30,20,easy,12,4.5,main,4 Pers.,https://www.cuisineaz.com/recettes/sauce-aux-champignons-facile-47926.aspx,https://img.cuisineaz.com/660x660/2020-11-02/i155820-sauce-aux-champignons-copie.jpeg
Rosbeef au four à l’ail,40,10,30,easy,12,5.0,main,6 Pers.,https://www.cuisineaz.com/recettes/rosbeef-au-four-a-l-ail-82467.aspx,https://img.cuisineaz.com/660x660/2015-07-07/i29677-rosbeef-au-four-a-l-ail.jpg
Pois mange-tout sautés,10,5,5,easy,0,5.0,main,2 Pers.,https://www.cuisineaz.com/recettes/pois-mange-tout-sautes-63248.aspx,https://img.cuisineaz.com/660x660/2014-02-24/i81196-pois-mange-tout-sautes.jpg
Petit salé aux lentilles facile,185,20,165,easy,22,4.5,main,4 Pers.,https://www.cuisineaz.com/recettes/petit-sale-aux-lentilles-facile-52262.aspx,https://img.cuisineaz.com/660x660/2013-12-20/i31728-recette-de-petit-sale-aux-lentilles.jpg
Risotto aux champignons rapide,45,15,30,medium,19,4.5,main,4 Pers.,https://www.cuisineaz.com/recettes/risotto-aux-champignons-rapide-60868.aspx,https://img.cuisineaz.com/660x660/2013-12-20/i10321-photo-de-risotto-aux-champignons.jpg
Flageolets à l'échalote,10,5,5,easy,11,4.5,main,2 Pers.,https://www.cuisineaz.com/recettes/flageolets-a-l-echalote-63906.aspx,https://img.cuisineaz.com/660x660/2014-02-24/i69202-flageolets-a-l-echalote.jpg
Rostis maison,30,15,15,easy,0,5.0,main,4 Pers.,https://www.cuisineaz.com/recettes/rostis-maison-102160.aspx,https://img.cuisineaz.com/660x660/2018-06-17/i140433-rostis-maison.jpeg
Merguez au four,20,5,15,easy,14,4.5,main,2 Pers.,https://www.cuisineaz.com/recettes/merguez-au-four-81361.aspx,https://img.cuisineaz.com/660x660/2016-04-28/i34278-merguez-au-four.jpg
Filet mignon à la moutarde au Cookeo,30,10,20,easy,1,3.0,main,4 Pers.,https://www.cuisineaz.com/recettes/filet-mignon-a-la-moutarde-au-cookeo-101585.aspx,https://img.cuisineaz.com/660x660/2018-04-18/i139485-filet-mignon-a-la-moutarde-au-cookeo.jpeg
Papillote de poisson à la provencale,35,15,20,easy,0,5.0,main,4 Pers.,https://www.cuisineaz.com/recettes/papillote-de-poisson-a-la-provencale-82068.aspx,https://img.cuisineaz.com/660x660/2015-06-09/i113054-papillote-de-poisson-a-la-provencale.jpg
Jambalaya comme à la Nouvelle-Orléans,80,40,40,medium,28,4.5,main,6 Pers.,https://www.cuisineaz.com/recettes/jambalaya-comme-a-la-nouvelle-orleans-17251.aspx,https://img.cuisineaz.com/660x660/2016-04-28/i13293-jambalaya-comme-a-la-nouvelle-orleans.jpg
Truite en papillote au four,30,10,20,easy,12,5.0,main,4 Pers.,https://www.cuisineaz.com/recettes/truite-en-papillote-au-four-81224.aspx,https://img.cuisineaz.com/660x660/2018-08-09/i141628-truite-en-papillote-au-four.jpeg
Potimarron au four,80,20,60,easy,0,5.0,main,6 Pers.,https://www.cuisineaz.com/recettes/potimarron-au-four-81656.aspx,https://img.cuisineaz.com/660x660/2016-12-15/i114666-recette-potimarron-four.jpeg
Lapin au vin blanc et aux champignons de Paris,65,20,45,easy,39,4.5,main,6 Pers.,https://www.cuisineaz.com/recettes/lapin-au-vin-blanc-et-aux-champignons-de-paris-5583.aspx,https://img.cuisineaz.com/660x660/2018-07-10/i140917-.jpeg
Tomates cerises caramélisées et graines de sésame,20,10,10,easy,9,4.5,main,6 Pers.,https://www.cuisineaz.com/recettes/tomates-cerises-caramelisees-et-graines-de-sesame-65061.aspx,https://img.cuisineaz.com/660x660/2013-12-20/i23492-recette-tomates-cerises-caramelisees-sesame.jpg
Tarte aux légumes facile,30,10,20,easy,2,5.0,main,8 Pers.,https://www.cuisineaz.com/recettes/tarte-aux-legumes-facile-12582.aspx,https://img.cuisineaz.com/660x660/2016-04-28/i36454-tarte-tomates-courgettes-et-chevre.jpg
Minestrone facile,90,15,75,easy,11,4.5,main,4 Pers.,https://www.cuisineaz.com/recettes/minestrone-facile-605.aspx,https://img.cuisineaz.com/660x660/2013-12-20/i101317-minestrone.jpg
Gâteau cacao facile,25,,25,easy,3,4.5,main,6 Pers.,https://www.cuisineaz.com/recettes/gateau-cacao-facile-55131.aspx,https://img.cuisineaz.com/660x660/2016-04-28/i98392-gateau-cacao.jpg
Saucisse de Toulouse et pommes de terre au Cookeo,20,5,15,easy,0,5.0,main,4 Pers.,https://www.cuisineaz.com/recettes/saucisse-de-toulouse-et-pommes-de-terre-au-cookeo-101516.aspx,https://img.cuisineaz.com/660x660/2018-04-14/i139376-saucisse-de-toulouse-et-pommes-de-terre-au-cookeo.jpeg
Purée de patates douces au Cookeo,25,15,10,easy,2,5.0,main,4 Pers.,https://www.cuisineaz.com/recettes/puree-de-patates-douces-au-cookeo-104607.aspx,https://img.cuisineaz.com/660x660/2018-11-07/i143950-puree-de-patates-douces-au-cookeo.jpeg
Zaalouk marocain,45,10,35,easy,0,5.0,main,6 Pers.,https://www.cuisineaz.com/recettes/zaalouk-marocain-87894.aspx,https://img.cuisineaz.com/660x660/2016-06-26/i38121-zaalouk-marocain.jpg
